{
  "image_path": "samples/digit_7.png",
  "total_runs": 100,
  "successful": 100,
  "errors": 0,
  "lossless_fails": 0,
  "latency_ms": {
    "stage1": {
      "p50": 2.28,
      "p95": 2.391,
      "p99": 3.6252000000000333,
      "mean": 2.3926
    },
    "compress": {
      "p50": 0.65,
      "p95": 0.6904999999999999,
      "p99": 0.8024000000000012,
      "mean": 0.6584
    },
    "decompress": {
      "p50": 0.62,
      "p95": 0.66,
      "p99": 0.8881000000000041,
      "mean": 0.6351
    },
    "end_to_end": {
      "p50": 3.5549999999999997,
      "p95": 3.8214999999999995,
      "p99": 5.5391000000000306,
      "mean": 3.6923
    }
  }
}